{
	"config":{
		"defaultColorBand":{
			"startRadius": 0.59,
			"endRadius": 0.715

		}
	},
	"frames": {
		"token-ring-bkg": {
	"frame": {"x":0,"y":0,"w":1024,"h":1024},
	"rotated": false,
	"trimmed": false,
	"spriteSourceSize": {"x":0,"y":0,"w":1024,"h":1024},
	"sourceSize": {"w":1024,"h":1024},
	"anchor": { "x": 0.5, "y": 0.5 }
	},

		"token-ring": {
	"frame": {"x":1024,"y":0,"w":1024,"h":1024},
	"rotated": false,
	"trimmed": false,
	"spriteSourceSize": {"x":0,"y":0,"w":1024,"h":1024},
	"sourceSize": {"w":1024,"h":1024},
	"anchor": { "x": 0.5, "y": 0.5 }
		}
	},

"meta": {
	"app": "https://www.codeandweb.com/texturepacker",
	"version": "1.0",
	"image": "Sky-kings.png",
	"format": "RGBA8888",
	"size": {"w":2048,"h":1024},
	"scale": "1",
	"smartupdate": "$TexturePacker:SmartUpdate:ac61632195c79447289820c56f6a3361:4b1ee0c1febe668a4b0cadca3a543978:788367ee0ac82ce244e4f02ba58ec464$"
}
}